Top queries,Clicks,Impressions,CTR,Position
gmi calculator,0,67,0%,71.25
glycemic index calculator,0,63,0%,47.11
glycemic load calculator,0,40,0%,48.73
gi calculator,0,34,0%,49.62
calculate glycemic index,0,22,0%,72
calculate gi,0,21,0%,66.81
calculate glycemic load,0,21,0%,71
glycemic load calculation,0,20,0%,67.7
glcalc,0,17,0%,4.59
how to calculate glycemic load,0,17,0%,76.35
glycemic calculator,0,16,0%,55.56
how to calculate gi,0,16,0%,67.5
how to calculate glycemic index,0,16,0%,72.5
glycaemic load calculator,0,15,0%,45
how to calculate glycemic index from food labels,0,15,0%,50.73
how to calculate gi index,0,14,0%,73.43
glycemic load formula,0,14,0%,75.43
gi index calculator,0,13,0%,63.62
glycemic index how to calculate,0,13,0%,78.46
glycemic index calculation,0,11,0%,80.18
calculating glycemic index,0,9,0%,72.56
glycemic index calculation formula,0,8,0%,75.12
gi calculation,0,7,0%,56.14
glucose index calculator,0,7,0%,67.71
glycemic load equation,0,7,0%,77.57
glycaemic index calculator,0,6,0%,62.33
calculating glycemic load,0,6,0%,67.83
glycemic counter,0,6,0%,76.17
how to calculate the glycemic index,0,5,0%,65
how do you calculate glycemic index,0,5,0%,81.8
how to calculate glycemic index of food,0,5,0%,85.2
calculate gi index,0,5,0%,86
how to calculate glycemic index and glycemic load,0,5,0%,86.4
formula for glycemic load,0,4,0%,67.25
glycemic index counter,0,4,0%,71
gi cal,0,3,0%,10
calculation of glycemic index,0,3,0%,67.67
glycemic index checker,0,3,0%,74
gi load calculator,0,2,0%,30
how to calculate gl,0,2,0%,62.5
how is glycemic load calculated,0,2,0%,63.5
gi calculation formula,0,2,0%,72.5
how to calculate glycaemic load,0,2,0%,77.5
how to calculate glycemic load of food,0,2,0%,80.5
calculator indice glicemic,0,1,0%,49
glycemic index formula,0,1,0%,52
how to calculate gi of food,0,1,0%,53
glycemic index calculator online,0,1,0%,59
how to calculate the glycemic load,0,1,0%,60
gda calculator,0,1,0%,65
gi search,0,1,0%,67
how to calculate the glycemic index of a food,0,1,0%,68
glycemic load calculation formula,0,1,0%,73
gmo calculator,0,1,0%,75
how to calculate glycemic load of a meal,0,1,0%,77
how do you calculate the glycemic index of a food,0,1,0%,79
formula to calculate glycemic index,0,1,0%,85
how to determine glycemic load,0,1,0%,92
how to figure glycemic load,0,1,0%,95
formula for glycemic index,0,1,0%,99