Top queries	Clicks	Impressions	CTR	Position
gmi	0	29	0%	27.2
gmi calculator	0	13	0%	24.7
mmol/l to mg/dl	0	7	0%	71.3
calculator glicemie	0	5	0%	52.2
mmol l to mg dl	0	5	0%	68.4
blood sugar converter	0	5	0%	81.4
glycaemic load calculator	0	4	0%	53.2
mg dl to mmol l	0	4	0%	62.2
mg/dl	0	4	0%	65.8
conversion blood glucose	0	4	0%	73.8
mg/dl mmol/l	0	4	0%	75.0
gmi meaning	0	3	0%	50.7
glycemic index calculator	0	3	0%	56.7
gmi to a1c calculator	0	3	0%	56.7
180 mg/dl to mmol/l	0	3	0%	63.0
mg/dl to mmol/l	0	3	0%	67.0
blood sugar reading conversion	0	3	0%	72.0
mg/dl to mmol/l calculator	0	3	0%	72.7
mmol	0	3	0%	73.7
conversion of glucose mmol l to mg dl	0	3	0%	74.0
blood sugar level conversion	0	3	0%	77.3
blood glucose conversion	0	3	0%	79.3
glucose converter	0	3	0%	80.3
calculating glycemic load	0	3	0%	81.0
eag calculator	0	2	0%	45.5
gi calculator	0	2	0%	49.5
gmi vs a1c conversion	0	2	0%	53.5
convert mg dl to mmol l	0	2	0%	58.0
140 mg/dl to mmol/l	0	2	0%	61.5
mg dl glucose to mmol l	0	2	0%	63.5
70 mg dl to mmol/l	0	2	0%	64.5
100 mg/dl to mmol/l	0	2	0%	65.5
glucose management indicator	0	2	0%	65.5
mmol l	0	2	0%	68.5
convert mg dl to mmol l glucose	0	2	0%	70.5
mmol to mg dl conversion	0	2	0%	72.0
mmol to mg dl calculator	0	2	0%	72.5
convert mmol to dl	0	2	0%	73.0
converting blood sugar from mmol/l to mg/dl	0	2	0%	74.0
convert mg/dl to mmol/l	0	2	0%	74.5
converter glucose	0	2	0%	74.5
sugar level conversion	0	2	0%	75.5
calculate mg/dl to mmol/l	0	2	0%	76.0
blood sugar conversion	0	2	0%	76.5
mg to mmol calculator	0	2	0%	77.0
mmol/l conversion	0	2	0%	79.0
160 glucose to a1c	0	2	0%	80.0
blood glucose levels converter	0	2	0%	80.5
how to calculate glycemic index	0	2	0%	96.5
gmi test	0	1	0%	11.0
what is gmi on libre 3	0	1	0%	32.0
gmi 6.6	0	1	0%	37.0
gmi range	0	1	0%	43.0
gmi model	0	1	0%	46.0
gmi to hba1c calculator	0	1	0%	46.0
whats a good gmi	0	1	0%	46.0
gmi of 5.6	0	1	0%	48.0
what does gmi mean in diabetes	0	1	0%	48.0
convert gmi to a1c	0	1	0%	49.0
glycemic load calculator	0	1	0%	50.0
a1c to eag	0	1	0%	53.0
glucose management indicator range	0	1	0%	54.0
5.5 gmi to a1c	0	1	0%	55.0
5.6 gmi to a1c	0	1	0%	55.0
6.8 gmi to a1c	0	1	0%	55.0
gmi 6.5 to a1c	0	1	0%	55.0
gmi 8	0	1	0%	55.0
6.0 gmi to a1c	0	1	0%	58.0
ada eag formula 28.7 x a1c - 46.7	0	1	0%	58.0
gmi 6.0 to a1c	0	1	0%	58.0
gmi 6.5	0	1	0%	58.0
blood sugar levels mg dl to mmol l	0	1	0%	59.0
gmi 6.1 to a1c	0	1	0%	59.0
gmi average	0	1	0%	59.0
what does gmi mean	0	1	0%	59.0
what is gmi	0	1	0%	59.0
whats gmi	0	1	0%	59.0
how to change mg/dl to mmol/l	0	1	0%	60.0
6.1 gmi	0	1	0%	61.0
6.2 gmi to a1c	0	1	0%	61.0
gmi 5.6 to a1c	0	1	0%	61.0
conversion blood glucose mg/dl to mmol/l	0	1	0%	62.0
conversion blood sugar mg/dl to mmol/l	0	1	0%	62.0
convert blood glucose mg/dl to mmol/l	0	1	0%	62.0
mmol in mg	0	1	0%	62.0
130 mg dl to mmol l	0	1	0%	63.0
70 mg dl to mmol l	0	1	0%	63.0
70 mg/dl to mmol/l	0	1	0%	63.0
blood sugar mg dl to mmol l	0	1	0%	63.0
convert blood glucose mg dl to mmol l	0	1	0%	63.0
ea1c	0	1	0%	63.0
glucose management indicator chart	0	1	0%	63.0
تحويل من mg/dl الى mmol/l	0	1	0%	63.0
120 mg dl in mmol l	0	1	0%	64.0
120 mg/dl to mmol/l	0	1	0%	64.0
mmol liter	0	1	0%	64.0
100 mmol to mg	0	1	0%	65.0
180 mg/dl in mmol/l	0	1	0%	65.0
changing mg dl to mmol l	0	1	0%	65.0
g.m.i.	0	1	0%	65.0
gmi scale	0	1	0%	65.0
how to convert mg/dl to mmol/l	0	1	0%	65.0
mg dl in mmol l	0	1	0%	65.0
mg dl para mmol l	0	1	0%	65.0
mg/dl and mmol/l	0	1	0%	65.0
cgm calculator	0	1	0%	66.0
e/gmi	0	1	0%	66.0
glucose from mg dl to mmol l	0	1	0%	66.0
mmol to mg/dl	0	1	0%	66.0
123 mg dl to mmol l	0	1	0%	67.0
160 mg dl to mmol l	0	1	0%	67.0
180 mg dl in mmol l	0	1	0%	67.0
200 mg/dl to mmol/l	0	1	0%	67.0
conversor glucosa	0	1	0%	67.0
glucose 200 mg dl to mmol l	0	1	0%	67.0
glucose mg/dl to mmol/l	0	1	0%	67.0
how do you calculate glycemic load	0	1	0%	67.0
mg/dl in mmol/l	0	1	0%	67.0
11 mmol l to mg dl	0	1	0%	68.0
97 mg dl to mmol l	0	1	0%	68.0
conversion mg/dl en mmol/l	0	1	0%	68.0
conversion mmol/l to mg/l	0	1	0%	68.0
conversion of glucose mg/dl to mmol/l	0	1	0%	68.0
glucose calculator	0	1	0%	68.0
glycemic load formula	0	1	0%	68.0
how convert mg dl to mmol l	0	1	0%	68.0
300 mg dl to mmol l	0	1	0%	69.0
blood glucose level unit conversion	0	1	0%	69.0
conversion from mmol to mg dl	0	1	0%	69.0
conversion mg dl en mmol l	0	1	0%	69.0
conversion mg dl mmol l	0	1	0%	69.0
blood sugar conversion from mmol l to mg dl	0	1	0%	70.0
convert mmol/l to mg/dl	0	1	0%	70.0
mg dl convert to mmol l	0	1	0%	70.0
blood glucose reading conversion	0	1	0%	71.0
conversion mg/dl mmol/l	0	1	0%	71.0
conversion of mmol/l to mg/dl blood glucose	0	1	0%	71.0
convert blood sugar mmol l to mg dl	0	1	0%	71.0
mg dl mmol l	0	1	0%	71.0
mmol to mg dl	0	1	0%	71.0
131 glucose to a1c	0	1	0%	72.0
blood sugar conversion mmol/l to mg/dl	0	1	0%	72.0
conversion of blood sugar level mmol l to mg dl	0	1	0%	72.0
converting mg dl to mmol l	0	1	0%	72.0
glucose from mmol l to mg dl	0	1	0%	72.0
how to convert mg dl into mmol l	0	1	0%	72.0
mmol to mg/dl converter	0	1	0%	72.0
sugar level mmol/l to mg/dl	0	1	0%	72.0
1 mg dl to mmol l	0	1	0%	73.0
100 mg dl to mmol l	0	1	0%	73.0
134 glucose to a1c	0	1	0%	73.0
143 glucose to a1c	0	1	0%	73.0
blood sugar levels mmol l to mg dl	0	1	0%	73.0
conversion factor mg/dl to mmol/l	0	1	0%	73.0
conversion glycémie mg dl en mmol l	0	1	0%	73.0
convert mg dl to mmol l blood glucose	0	1	0%	73.0
glucose conversion mmol l to mg dl	0	1	0%	73.0
gmi diabetes	0	1	0%	73.0
gmi'	0	1	0%	73.0
150 average glucose to a1c	0	1	0%	74.0
60 mg/dl to mmol/l	0	1	0%	74.0
convert from mg/dl to mmol/l	0	1	0%	74.0
glucose units conversion	0	1	0%	74.0
glycemic index checker	0	1	0%	74.0
a1c with eag	0	1	0%	75.0
blood sugar levels conversion	0	1	0%	75.0
gmi blood sugar	0	1	0%	75.0
mg dl to mmol l calculator	0	1	0%	75.0
sugar level mmol l to mg dl	0	1	0%	75.0
600 mg dl to mmol l	0	1	0%	76.0
blood sugar glucose converter	0	1	0%	76.0
eag	0	1	0%	76.0
glucose levels converter	0	1	0%	76.0
mg mmol l to mg dl	0	1	0%	76.0
mg mmol/l to mg/dl	0	1	0%	76.0
mmmol/l	0	1	0%	76.0
mmol/l mg/dl	0	1	0%	76.0
117 average glucose to a1c	0	1	0%	77.0
glucose levels conversion	0	1	0%	77.0
glucose mmol/l to mg/dl conversion	0	1	0%	77.0
חישוב גלקמי	0	1	0%	77.0
conversion mmol l mg dl	0	1	0%	78.0
mg/dl conversion	0	1	0%	78.0
mmol to mg dl converter	0	1	0%	78.0
mmol to mg/dl calculator	0	1	0%	78.0
sugar level unit conversion	0	1	0%	78.0
what is gmi for diabetics	0	1	0%	78.0
blood glucose converter mmol/l to mg/dl	0	1	0%	79.0
blood sugar units	0	1	0%	79.0
convert glucose units	0	1	0%	79.0
how to calculate glycemic index from food labels	0	1	0%	79.0
mg per dl	0	1	0%	79.0
mg/dl sugar level	0	1	0%	79.0
sugar conversion	0	1	0%	79.0
diabetes converter	0	1	0%	80.0
mg dl mmol	0	1	0%	80.0
mg to mmol	0	1	0%	80.0
mg/dl to mmol/l converter	0	1	0%	80.0
conversion mmol/l mg/dl	0	1	0%	81.0
mg dl conversion to mmol l	0	1	0%	81.0
mmol/l	0	1	0%	81.0
mg/dl converter	0	1	0%	82.0
units of blood glucose	0	1	0%	83.0
formula for glycemic load	0	1	0%	84.0
blood glucose level conversion	0	1	0%	85.0
142 glucose to a1c	0	1	0%	86.0
blood glucose levels conversion	0	1	0%	86.0
glucose mmol l	0	1	0%	86.0
mmol/l glucose	0	1	0%	86.0
cách đổi mg dl sang mmol l	0	1	0%	87.0
blood sugar level converter	0	1	0%	88.0
gi calculation	0	1	0%	88.0
blood sugar mmol	0	1	0%	94.0
glycemic index calculation	0	1	0%	95.0
how do you calculate glycemic index	0	1	0%	95.0
("tata consumer products" or "gluco " or "gluco plus") and ("hospitalization" or "contamination" or "adverse reaction" or "sowcarpet" or "jelly-like fungal" or "severe dizziness" or "health complications")	0	1	0%	98.0
